q,LoadAngle,YieldStress,Rval,Type,YoungMod,Width,Thickness
0.0,0.0,126.78276373666667,0.7747129666666668,e,,,
0.0,15.0,125.37806869666667,0.6933340966666668,e,,,
0.0,30.0,122.62173056666666,0.5599696533333333,e,,,
0.0,45.0,120.90988555666668,0.5077439933333333,e,,,
0.0,60.0,119.92678610333333,0.5618772633333333,e,,,
0.0,75.0,119.26427169666665,0.6953855433333332,e,,,
0.0,90.0,119.25696786333333,0.8210271766666667,e,,,
