s11,s22,s33,s12,s13,s23,Rval,Type
-0.274916679002832,0.2146597834073008,0.6750344680614175,0.2049247429427803,-0.23649305934128212,-0.09877959394116556,0.0,v
0.45234227019280493,0.20369695240648594,0.4433670520917907,0.5079819932341605,-0.15345662176485605,-0.19536750382702414,0.0,v
-0.08114266097635141,-0.0007021491354985255,0.2699390874315162,0.1012648144746173,0.1511895003324054,-0.5164614434667728,0.0,v
0.20593459504595052,0.6797921622937794,0.3808643652663314,-0.4479282947389667,-0.09449855445603658,-0.2684397974805857,0.0,v
0.09789302588144626,0.24232890996085307,-0.46618419973385494,-0.20319486061890307,0.3930547889649535,-0.017703662915404948,0.0,v
