q,LoadAngle,YieldStress,Rval,Type,YoungMod,Width,Thickness
0.0,0.0,365.3945461,0.8881839233333332,e,,,
0.0,15.0,375.1712474600001,0.8602478966666666,e,,,
0.0,30.0,379.93259025333333,0.8385408866666667,e,,,
0.0,45.0,388.9481468233333,0.81124272,e,,,
0.0,60.0,387.0174385166667,0.8838888633333334,e,,,
0.0,75.0,386.55358598333333,1.0043291133333334,e,,,
0.0,90.0,376.18520999333333,1.0466878,e,,,
1.0,0.0,369.82,0.0,e,,,
