s11,s22,s33,s12,s13,s23,Rval,Type
0.08966150008159203,0.18560240450833848,0.17088422645753237,0.3536061667970896,0.1597865636867726,-0.42975110737363603,0.0,v
0.09273138933874689,0.2903654867344033,0.4619456757812207,0.33162620793287,0.06599693710782156,0.43643016965125486,0.0,v
-0.4400427585337934,-0.5152961916891037,-1.1910162597677807,-0.29225296401200523,-0.26785800365364965,0.05895022088725384,0.0,v
-0.5014675986858916,0.22205416827206975,-0.5179088279135788,-0.35117987464864686,-0.12241184168035325,0.11821255250411045,0.0,v
0.17792007246679933,-0.3183646843630249,-0.03453862113448923,-0.21731862287633727,0.11956026080326061,0.46079406063777967,0.0,v
