s11,s22,s33,s12,s13,s23,Rval,Type
-0.15205436941023476,-0.036532029314711875,-0.19140162080124123,0.4450608708020593,0.010084804903150679,-0.3544356962944491,0.0,v
-0.6830829208966966,-0.09914422336005288,0.2866188754351282,0.2619235179551064,0.09948042184538614,-0.10427107554196471,0.0,v
0.35946459740962766,-0.11465663581226615,0.05137750669476359,-0.2296380161633194,0.15617772221869575,-0.4430353171678797,0.0,v
-0.49594914443017346,-1.0531581791636833,-1.1544418952614137,0.2227958379660368,-0.2605602754197716,-0.30780261645316687,0.0,v
-0.3653096140877874,-0.0289765952653651,0.593932049917594,-0.025772830641196665,-0.15688063442025996,-0.27199521299873936,0.0,v
