s11,s22,s33,s12,s13,s23,Rval,Type
0.1258489025075935,-0.043747922264164144,-0.3072456218854837,-0.4712616151332396,0.23939306175368913,-0.07121879115148053,0.0,v
0.26673670282651574,-0.5573869051298858,-0.30485312770998163,-0.2972890561236316,0.07188436629898531,0.24454560117347657,0.0,v
0.4019961116418169,0.08971773747389916,-0.2632547103193972,0.11591138250917635,0.44277079789452817,-0.1370442860224976,0.0,v
0.21633804827369624,-0.11488535179084175,-0.395366632676334,-0.09694806165671377,-0.42016743404151924,-0.21817761643160338,0.0,v
0.0651369920873525,-0.18503922653685204,0.25784207373740986,-0.0791996676664318,-0.525472802972353,0.004717355541034087,0.0,v
