Orientation,a,b,c,n,
0.000000,1.978222,1.028523,0.003878,0.100000
